,accuracy,precision,recall,f1,roc_auc
mean,0.5666666666666667,0.5900000000000001,0.5,0.5381818181818182,0.5111111111111111
std,0.062360956446232345,0.09165151389911681,0.0,0.036994527180683266,0.11863420280034793
